year,no_arctic_tas,world_tas,Model,Experiment,Ensemble_member
2015,288.3513559613111,287.1970541679442,CNRM-CM6-1,ssp245,r9i1p1f2
2016,288.2852136573719,287.16479325980765,CNRM-CM6-1,ssp245,r9i1p1f2
2017,288.3261194488258,287.1722525481286,CNRM-CM6-1,ssp245,r9i1p1f2
2018,288.49163179806357,287.33086892016945,CNRM-CM6-1,ssp245,r9i1p1f2
2019,288.41246529573533,287.2432615067186,CNRM-CM6-1,ssp245,r9i1p1f2
2020,288.59232730131174,287.4581373215891,CNRM-CM6-1,ssp245,r9i1p1f2
