year,no_arctic_tas,world_tas,Model,Experiment,Ensemble_member
2015,288.20336107584023,286.99039391614394,CNRM-CM6-1,ssp245,r7i1p1f2
2016,288.2576753669662,287.0944276974122,CNRM-CM6-1,ssp245,r7i1p1f2
2017,288.38867152150306,287.2348101279232,CNRM-CM6-1,ssp245,r7i1p1f2
2018,288.17765838144464,286.9599721613413,CNRM-CM6-1,ssp245,r7i1p1f2
2019,288.1500652596808,286.9832739143887,CNRM-CM6-1,ssp245,r7i1p1f2
2020,288.3868217421869,287.2181753270979,CNRM-CM6-1,ssp245,r7i1p1f2
