year,no_arctic_tas,world_tas,Model,Experiment,Ensemble_member
2015,288.1261595626748,286.84555280604656,CNRM-CM6-1,ssp245,r8i1p1f2
2016,288.0855989076729,286.8129815737821,CNRM-CM6-1,ssp245,r8i1p1f2
2017,288.096439761049,286.82153077811336,CNRM-CM6-1,ssp245,r8i1p1f2
2018,287.97604757286047,286.7649512295548,CNRM-CM6-1,ssp245,r8i1p1f2
2019,288.09779560816753,286.8911232937673,CNRM-CM6-1,ssp245,r8i1p1f2
2020,288.35127773223155,287.15288098731264,CNRM-CM6-1,ssp245,r8i1p1f2
