,arctic_trend,world_trend,AA,trend_period,Model,Experiment,Ensemble_member,Months
0,0.06830016849332883,0.023978228980076805,2.8484242330857104,2015_2065,MIROC6,ssp245,r10i1p1f1,all
