,arctic_trend,world_trend,AA,trend_period,Model,Experiment,Ensemble_member,Months
0,0.05055834139084419,0.011220188051100203,4.5060155106657644,2015_2065,MIROC6,ssp126,r10i1p1f1,all
